onset_UTC,end_UTC,type,label
2019-06-24 12:20:00,2019-06-24 19:52:00,emision,Em. 24-Jun
2019-07-18 05:14:00,2019-07-18 18:17:00,emision,Em. 18-Jul
2019-07-19 07:37:00,2019-07-22 23:59:00,explosion,Exp. 19-Jul
2019-07-23 04:25:00,2019-07-23 09:50:00,explosion,Exp. 23-Jul
2019-08-27 10:30:00,2019-08-27 10:45:00,emision,Em. 27-Ago
2019-09-03 18:58:00,2019-09-03 20:00:00,explosion,Exp. 3-Sep
2019-09-04 10:56:00,2019-09-04 13:47:00,emision,Em. 4-Sep(a)
2019-09-04 13:50:00,2019-09-04 14:50:00,emision,Em. 4-Sep(b)
2019-09-12 12:30:00,2019-09-12 12:45:00,emision,Em. 12-Sep
